{
  "max_horizontal_reach_m": 0.07697165012359619,
  "max_horizontal_reach_p95_m": 0.03944581672549244,
  "max_total_reach_m": 0.08021979033946991,
  "max_total_reach_p95_m": 0.04094371870160097,
  "east_range_m": [
    -0.07671699672937393,
    0.05656399950385094
  ],
  "north_range_m": [
    -0.04916499927639961,
    0.06447400152683258
  ],
  "up_range_m": [
    -0.020047999918460846,
    0.022840000689029694
  ],
  "n_datapoints": 17715
}