{
  "max_horizontal_reach_m": 0.15755878388881683,
  "max_horizontal_reach_p95_m": 0.10853773429989813,
  "max_total_reach_m": 0.15927818417549133,
  "max_total_reach_p95_m": 0.11689748093485827,
  "east_range_m": [
    -0.10467299818992615,
    0.10665900260210037
  ],
  "north_range_m": [
    -0.15755100548267365,
    0.10991500318050385
  ],
  "up_range_m": [
    -0.08854799717664719,
    0.06674599647521973
  ],
  "n_datapoints": 127060
}